,Crude Oil IPMP,inflation_diff,Official Exchange Rate_diff,Informal Exchange Rate_diff,Monetary Supply (M2)_diff,Interest Rate_diff,General IPMP_diff,Agriculture IPMP_diff,Metals IPMP_diff
2004-03-01,180.5,0.5,-0.0343,-0.020000000000000018,3.299999999999997,0.1349999999999998,15.899999999999977,17.299999999999983,5.0
2004-04-01,177.7,0.30000000000000004,-0.06170000000000009,-0.08000000000000007,3.25,-0.2999999999999998,0.8000000000000114,2.3000000000000114,-3.0
2004-05-01,201.0,-0.20000000000000007,0.0838000000000001,0.0900000000000003,-0.45000000000000284,0.31999999999999984,-2.5999999999999943,-6.199999999999989,-13.700000000000017
2004-06-01,188.2,-0.09999999999999998,0.04059999999999997,0.040000000000000036,-5.549999999999997,0.020000000000000018,-9.599999999999994,-10.600000000000023,0.5
2004-07-01,204.6,-0.09999999999999998,-0.0051000000000001044,-0.010000000000000231,-6.950000000000003,0.08000000000000007,-2.0,-6.099999999999994,6.0
2004-08-01,230.0,-0.2,0.058399999999999785,0.06000000000000005,-10.199999999999996,0.33999999999999986,-19.30000000000001,-28.5,3.6000000000000227
2004-09-01,231.2,0.3,-0.017599999999999838,-0.010000000000000231,-8.0,0.1200000000000001,-7.300000000000011,-8.699999999999989,1.6999999999999886
2004-10-01,265.9,-0.19999999999999996,-0.026800000000000157,-0.029999999999999805,-1.1000000000000014,-0.04499999999999993,-7.599999999999994,-12.600000000000009,3.5999999999999943
2004-11-01,230.2,-0.4,-0.014599999999999724,-0.020000000000000018,-2.6499999999999986,0.08000000000000007,-3.0999999999999943,-0.3999999999999915,3.5
2004-12-01,211.6,0.8,0.01629999999999976,0.010000000000000231,-1.8500000000000014,-0.125,-0.6999999999999886,1.0999999999999943,1.200000000000017
2005-01-01,236.0,0.7,-0.0248999999999997,-0.010000000000000231,1.5,-0.11000000000000032,2.3999999999999773,0.09999999999999432,1.3999999999999773
2005-02-01,244.0,-0.6,-0.030700000000000394,-0.040000000000000036,-3.1499999999999986,-0.07999999999999963,1.6000000000000227,0.8000000000000114,3.3000000000000114
2005-03-01,284.1,0.6,0.01130000000000031,0.010000000000000231,-1.25,0.09999999999999964,12.599999999999994,9.799999999999997,7.599999999999994
2005-04-01,277.6,-1.0,-0.026200000000000223,-0.020000000000000018,-0.8000000000000007,0.3500000000000001,-0.20000000000001705,0.7000000000000028,-3.299999999999983
2005-05-01,259.8,0.09999999999999998,-0.009500000000000064,-0.010000000000000231,-0.6999999999999993,0.4700000000000002,-0.5,2.0999999999999943,-8.5
2005-06-01,290.8,0.30000000000000004,-0.007299999999999862,-0.009999999999999787,2.299999999999997,0.029999999999999805,9.0,7.5,-1.200000000000017
2005-07-01,307.9,0.09999999999999998,-0.01399999999999979,-0.020000000000000018,1.0,0.43999999999999995,0.5,-1.0,0.4000000000000057
2005-08-01,342.7,-0.6,0.01839999999999975,0.009999999999999787,1.3000000000000007,-0.11499999999999977,-6.199999999999989,-11.0,7.400000000000006
2005-09-01,335.7,0.7999999999999999,0.023700000000000276,0.03000000000000025,-0.8000000000000007,0.0950000000000002,-7.0,-7.200000000000003,-1.5
2005-10-01,313.4,-0.3999999999999999,0.054300000000000015,0.06000000000000005,0.9000000000000021,0.08499999999999908,-1.5999999999999943,-0.09999999999999432,1.1999999999999886
2005-11-01,296.3,0.3999999999999999,0.0011999999999998678,0.015000000000000124,2.3000000000000007,0.3750000000000009,-0.700000000000017,0.09999999999999432,3.9000000000000057
2005-12-01,302.6,-0.09999999999999987,0.0472999999999999,0.044999999999999485,-0.7000000000000028,0.1899999999999995,5.5,4.900000000000006,8.5
2006-01-01,338.9,0.19999999999999996,0.03149999999999986,0.04500000000000037,-2.6999999999999993,0.6350000000000007,3.700000000000017,0.5,6.599999999999994
2006-02-01,320.6,-0.9,0.022900000000000365,0.004999999999999893,1.1000000000000014,0.2599999999999998,-1.4000000000000057,-1.0,8.599999999999994
2006-03-01,332.7,0.7999999999999999,0.007399999999999629,0.009999999999999787,-1.9000000000000021,-0.1349999999999998,0.9000000000000057,-0.6000000000000085,7.5
2006-04-01,375.2,-0.19999999999999996,-0.009999999999999787,0.0,-1.5,0.8149999999999995,6.400000000000006,0.7000000000000028,34.400000000000006
2006-05-01,375.2,-0.5,-0.012799999999999923,-0.020000000000000018,0.40000000000000213,0.06500000000000039,6.5,3.299999999999997,43.70000000000002
2006-06-01,367.9,0.0,0.027800000000000047,0.03000000000000025,-0.5,0.05999999999999961,-2.8000000000000114,-0.5999999999999943,-21.80000000000001
2006-07-01,394.5,0.09999999999999998,0.0006999999999997009,0.004999999999999893,-0.1999999999999993,0.3700000000000001,3.0,0.7000000000000028,8.699999999999989
2006-08-01,393.6,0.0,-0.0029999999999996696,-0.004999999999999893,-0.6000000000000014,-0.11000000000000032,-4.400000000000006,-4.400000000000006,-1.8000000000000114
2006-09-01,335.9,0.30000000000000004,0.021099999999999675,0.020000000000000018,0.6000000000000014,0.040000000000000036,-0.4000000000000057,3.4000000000000057,-1.8999999999999773
2006-10-01,312.4,0.0,-0.0015999999999998238,0.0,-0.3000000000000007,0.1900000000000004,4.900000000000006,7.299999999999997,-1.0
2006-11-01,311.5,-0.20000000000000007,-0.022800000000000153,-0.020000000000000018,-1.6000000000000014,-0.16999999999999993,8.5,10.400000000000006,-5.899999999999977
2006-12-01,333.0,0.30000000000000004,-0.01540000000000008,-0.020000000000000018,0.3000000000000007,0.5,-1.1999999999999886,-2.5,-7.400000000000034
2007-01-01,290.8,0.10000000000000009,0.024700000000000166,0.029999999999999805,0.3999999999999986,0.27999999999999936,-2.5,3.1999999999999886,-19.799999999999983
2007-02-01,309.6,-0.8,0.017599999999999838,0.010000000000000231,-0.6999999999999993,-0.5849999999999991,7.799999999999983,6.700000000000017,5.099999999999994
2007-03-01,331.9,0.5,-0.0015999999999998238,0.0,1.6000000000000014,0.3849999999999998,6.0,3.3999999999999773,13.399999999999977
2007-04-01,361.1,-0.10000000000000009,-0.0118999999999998,0.0,2.3999999999999986,-0.125,2.3000000000000114,-2.5999999999999943,27.30000000000001
2007-05-01,360.7,-0.29999999999999993,-0.009100000000000108,0.0,1.3000000000000007,-0.015000000000000568,6.199999999999989,6.700000000000017,1.5
2007-06-01,380.6,0.0,-0.000700000000000145,-0.020000000000000018,0.6499999999999986,0.010000000000000675,11.600000000000023,12.199999999999989,-7.800000000000011
2007-07-01,413.2,0.09999999999999998,0.03230000000000022,0.0349999999999997,1.6500000000000021,0.1299999999999999,3.0,0.30000000000001137,9.900000000000034
2007-08-01,378.8,0.09999999999999998,0.04079999999999995,0.07000000000000028,0.0,0.8049999999999997,0.5999999999999943,3.3999999999999773,-10.0
2007-09-01,411.0,0.20000000000000007,-0.0049000000000001265,-0.004999999999999893,0.0,1.3599999999999994,15.799999999999983,14.400000000000006,9.199999999999989
2007-10-01,443.3,-0.10000000000000009,0.012900000000000134,0.0,0.3000000000000007,0.28500000000000014,5.800000000000011,3.5999999999999943,11.5
2007-11-01,495.7,0.20000000000000007,-0.02450000000000019,-0.040000000000000036,0.1999999999999993,0.040000000000000924,17.30000000000001,17.5,-12.600000000000023
2007-12-01,488.4,0.0,0.0038000000000000256,0.0,-0.40000000000000213,0.5999999999999996,13.599999999999966,15.0,-4.199999999999989
2008-01-01,491.5,0.0,0.0047000000000001485,0.020000000000000018,0.6000000000000014,-1.5150000000000006,19.200000000000045,18.30000000000001,14.900000000000034
2008-02-01,504.6,-0.4,0.013900000000000023,0.0,-0.8000000000000007,-0.7149999999999999,16.0,13.199999999999989,26.899999999999977
2008-03-01,550.9,0.6000000000000001,-0.0024999999999999467,0.0,-0.5,-0.03999999999999915,-4.2000000000000455,-7.699999999999989,20.69999999999999
2008-04-01,589.4,-0.30000000000000004,0.010699999999999932,0.020000000000000018,-1.4499999999999993,0.11999999999999922,-3.1999999999999886,-4.800000000000011,3.900000000000034
2008-05-01,659.9,-0.20000000000000007,-0.01540000000000008,0.029999999999999805,-1.6499999999999986,1.2100000000000009,4.199999999999989,3.0,-7.400000000000034
2008-06-01,713.6,0.0,-0.1076999999999999,-0.10999999999999988,-4.950000000000003,3.9849999999999994,28.30000000000001,27.400000000000034,0.5
2008-07-01,717.3,-0.19999999999999996,-0.02110000000000012,-0.050000000000000266,-3.4499999999999993,-0.8800000000000008,5.199999999999989,4.5,7.199999999999989
2008-08-01,609.0,0.09999999999999998,0.01100000000000012,0.0,-2.3999999999999986,-1.379999999999999,-45.799999999999955,-40.80000000000001,-31.0
2008-09-01,529.8,0.0,0.0490999999999997,0.07000000000000028,-0.40000000000000036,0.29499999999999993,-20.700000000000045,-16.900000000000006,-20.099999999999966
2008-10-01,389.7,-0.09999999999999998,0.15610000000000035,0.17999999999999972,-0.5,1.7899999999999991,-56.599999999999966,-47.70000000000002,-60.5
2008-11-01,286.4,-0.10000000000000003,0.0907,0.06000000000000005,-3.5999999999999996,4.130000000000001,-12.600000000000023,-6.299999999999983,-36.60000000000002
2008-12-01,219.6,0.0,0.09339999999999993,0.0900000000000003,0.0,-1.1700000000000017,-6.399999999999977,-1.9000000000000057,-20.399999999999977
2009-01-01,239.9,0.2,0.04139999999999988,0.05999999999999961,-1.0,-2.3099999999999987,17.599999999999994,17.099999999999994,6.099999999999994
2009-02-01,232.0,-0.09999999999999998,0.047499999999999876,0.020000000000000018,-0.7000000000000011,-2.1799999999999997,-7.900000000000006,-8.400000000000006,2.6999999999999886
2009-03-01,250.7,0.19999999999999996,0.14250000000000007,0.1900000000000004,-2.5999999999999996,-0.10999999999999943,-0.6999999999999886,-2.299999999999983,5.800000000000011
2009-04-01,274.9,-0.3,0.0394000000000001,0.0,-3.1,0.2400000000000002,19.599999999999994,18.19999999999999,13.199999999999989
2009-05-01,309.6,0.0,0.031099999999999905,0.03999999999999959,-0.2999999999999998,0.08000000000000007,21.5,20.400000000000006,6.800000000000011
2009-06-01,366.9,0.10000000000000003,0.04360000000000008,0.06000000000000005,3.65,-0.02000000000000135,10.599999999999994,7.0,13.799999999999983
2009-07-01,346.4,0.19999999999999996,0.04159999999999986,0.020000000000000018,2.3499999999999996,0.19000000000000128,-23.69999999999999,-24.69999999999999,7.300000000000011
2009-08-01,386.6,0.20000000000000007,0.02950000000000008,0.0,-0.7999999999999998,-0.2350000000000012,8.299999999999983,3.8999999999999773,27.899999999999977
2009-09-01,360.8,-0.10000000000000009,0.0032000000000000917,0.0,0.6000000000000005,-0.5149999999999988,-10.0,-8.899999999999977,-4.099999999999966
2009-10-01,390.3,0.10000000000000009,-0.016199999999999992,-0.029999999999999805,0.5,-0.22000000000000064,-4.599999999999994,-6.900000000000006,5.0
2009-11-01,409.7,0.0,-0.015200000000000102,-0.010000000000000231,4.15,-0.7949999999999999,8.0,5.799999999999983,16.0
2009-12-01,398.5,0.09999999999999998,-0.0040000000000000036,0.010000000000000231,2.1499999999999986,-0.9150000000000009,2.4000000000000057,2.1000000000000227,11.399999999999977
2010-01-01,406.4,0.09999999999999998,-0.0028000000000001357,0.04999999999999982,2.6999999999999993,-0.10499999999999865,-4.0,-5.600000000000023,7.0
2010-02-01,396.8,0.19999999999999996,0.04700000000000015,0.050000000000000266,0.3500000000000014,-0.08999999999999986,-8.599999999999994,-7.5,-12.599999999999966
2010-03-01,423.0,-0.09999999999999987,0.011499999999999844,-0.025000000000000355,0.6499999999999986,-0.20000000000000107,-0.20000000000001705,-3.6999999999999886,16.0
2010-04-01,453.7,-0.30000000000000004,0.0134000000000003,0.015000000000000124,3.200000000000003,-0.14000000000000057,9.0,6.599999999999994,13.199999999999989
2010-05-01,408.8,-0.10000000000000009,0.025900000000000034,0.020000000000000018,1.5,-0.14499999999999957,-4.099999999999994,-0.09999999999999432,-13.699999999999989
2010-06-01,400.1,0.0,0.024499999999999744,0.06999999999999984,0.29999999999999716,0.40000000000000036,1.0999999999999943,2.8000000000000114,-8.200000000000045
2010-07-01,399.3,0.10000000000000009,0.008300000000000196,0.0,1.6000000000000014,0.09999999999999964,9.5,10.699999999999989,0.0
2010-08-01,409.3,-0.10000000000000009,0.0028000000000001357,0.0,4.100000000000001,0.25,8.200000000000017,6.599999999999994,14.700000000000045
2010-09-01,415.0,0.0,0.01429999999999998,0.0,1.4499999999999993,0.06500000000000128,4.0,2.3000000000000114,14.599999999999966
2010-10-01,442.9,0.10000000000000009,0.00509999999999966,0.020000000000000462,2.2499999999999964,-0.005000000000000782,14.0,11.299999999999983,20.0
2010-11-01,457.7,-0.10000000000000009,0.010600000000000165,0.009999999999999787,1.25,-0.02999999999999936,16.69999999999999,16.80000000000001,5.800000000000011
2010-12-01,489.9,0.10000000000000009,0.009999999999999787,0.03000000000000025,-0.14999999999999858,0.10999999999999943,12.699999999999989,10.699999999999989,12.600000000000023
2011-01-01,514.4,-0.10000000000000009,0.0037000000000002586,0.0699999999999994,-6.599999999999998,0.0,14.199999999999989,13.700000000000017,5.099999999999966
2011-02-01,554.8,0.0,0.04070000000000018,0.010000000000000675,7.199999999999999,-0.25,3.1000000000000227,0.19999999999998863,8.400000000000034
2011-03-01,611.8,0.10000000000000009,0.015200000000000102,0.009999999999999787,2.8999999999999986,-0.16000000000000014,-1.1999999999999886,-4.099999999999994,0.8999999999999773
2011-04-01,658.9,0.0,0.02829999999999977,0.040000000000000036,0.5500000000000043,0.34999999999999964,6.599999999999966,4.0,10.100000000000023
2011-05-01,611.4,-0.10000000000000009,0.01839999999999975,0.08999999999999986,1.25,0.39000000000000057,-3.599999999999966,-1.1999999999999886,-5.800000000000011
2011-06-01,607.3,0.0,0.012100000000000222,0.0,0.14999999999999858,0.009999999999999787,1.1999999999999886,1.0999999999999943,2.3999999999999773
2011-07-01,622.1,0.10000000000000009,0.03160000000000007,0.0,0.75,0.1899999999999995,0.0,-1.9000000000000057,12.699999999999989
2011-08-01,587.5,0.0,0.04039999999999999,0.05999999999999961,0.3999999999999986,0.28000000000000114,-0.5,-0.4000000000000057,9.0
2011-09-01,602.6,0.0,0.03620000000000001,0.09000000000000075,-1.8499999999999943,-0.06500000000000128,-6.300000000000011,-5.900000000000006,-10.0
2011-10-01,584.8,-0.20000000000000007,0.017900000000000027,-0.004999999999999893,-3.250000000000007,2.26,-23.099999999999966,-20.099999999999994,-30.799999999999955
2011-11-01,590.0,0.0,0.038000000000000256,0.3049999999999997,-2.3999999999999986,2.735000000000001,-3.900000000000034,-4.799999999999983,6.5
2011-12-01,577.0,0.20000000000000007,0.028699999999999726,-0.07000000000000028,-0.20000000000000284,-0.1899999999999995,-4.899999999999977,-3.4000000000000057,-11.5
2012-01-01,592.5,0.09999999999999998,0.031799999999999606,0.13999999999999968,4.300000000000004,-1.540000000000001,13.099999999999966,11.699999999999989,11.399999999999977
2012-02-01,639.9,-0.20000000000000007,0.0257000000000005,-0.0699999999999994,-7.400000000000002,-0.7349999999999994,12.700000000000045,9.700000000000017,17.0
2012-03-01,668.2,0.20000000000000007,0.009999999999999787,0.04999999999999982,0.3000000000000007,-0.7800000000000011,14.0,14.199999999999989,-6.699999999999989
2012-04-01,645.2,-0.09999999999999998,0.04150000000000009,0.21999999999999975,0.6000000000000014,-0.5350000000000001,6.599999999999966,8.5,-9.0
2012-05-01,590.2,0.0,0.05259999999999998,0.54,-0.10000000000000142,-0.1899999999999995,-4.0,-0.5,-14.900000000000034
2012-06-01,512.3,-0.10000000000000009,0.047399999999999665,0.39500000000000046,1.6999999999999993,0.3200000000000003,-0.6999999999999886,3.6000000000000227,-7.7999999999999545
2012-07-01,551.2,0.10000000000000009,0.055000000000000604,0.375,1.0000000000000036,0.41000000000000014,36.39999999999998,37.799999999999955,-0.10000000000002274
2012-08-01,605.8,0.09999999999999998,0.056999999999999496,0.004999999999999893,-0.9000000000000021,0.504999999999999,16.100000000000023,15.300000000000011,-2.1000000000000227
2012-09-01,607.8,0.0,0.060100000000000264,-0.004999999999999893,0.9000000000000021,-0.6749999999999989,-3.5,-7.300000000000011,22.400000000000034
2012-10-01,598.4,-0.09999999999999998,0.05999999999999961,-0.05000000000000071,2.0999999999999943,1.4049999999999994,-16.19999999999999,-17.599999999999966,1.8000000000000114
2012-11-01,585.6,0.09999999999999998,0.0674999999999999,0.08500000000000085,1.0,0.2599999999999998,-11.300000000000011,-10.800000000000011,-7.300000000000011
2012-12-01,586.3,0.09999999999999998,0.08260000000000023,0.16499999999999915,0.0,0.21499999999999986,0.0,-0.6999999999999886,5.0
2013-01-01,602.6,0.10000000000000009,0.0686,0.9100000000000001,2.200000000000003,-0.049999999999998934,-4.699999999999989,-6.5,3.8999999999999773
2013-02-01,623.4,-0.6000000000000001,0.0625,0.29000000000000004,-0.6000000000000014,-0.6500000000000004,1.099999999999966,0.6999999999999886,-2.3000000000000114
2013-03-01,584.2,0.19999999999999996,0.07289999999999974,0.27000000000000046,-2.1000000000000014,0.7300000000000004,-5.199999999999989,-1.6999999999999886,-16.5
2013-04-01,548.4,0.0,0.07150000000000034,0.5849999999999991,-0.29999999999999716,0.3200000000000003,-14.199999999999989,-11.100000000000023,-19.799999999999955
2013-05-01,551.3,0.0,0.08439999999999959,0.375,-1.8999999999999986,0.46499999999999986,9.300000000000011,11.5,-8.5
2013-06-01,550.0,0.10000000000000009,0.0893000000000006,-0.8999999999999986,-2.5500000000000007,0.4949999999999992,4.899999999999977,7.800000000000011,-14.400000000000034
2013-07-01,576.4,0.09999999999999998,0.11169999999999991,0.4549999999999983,-0.3500000000000014,0.4800000000000004,0.10000000000002274,-0.19999999999998863,-6.5
2013-08-01,592.4,-0.09999999999999998,0.1405000000000003,0.34500000000000064,-2.1999999999999993,0.3000000000000007,-25.100000000000023,-30.400000000000006,14.699999999999989
2013-09-01,597.6,0.0,0.1556999999999995,0.40000000000000036,-0.3999999999999986,0.4499999999999993,2.6000000000000227,3.0999999999999943,-2.5
2013-10-01,585.0,0.09999999999999998,0.11110000000000042,0.5050000000000008,0.3999999999999986,0.3550000000000004,-19.900000000000034,-20.30000000000001,-2.3999999999999773
2013-11-01,577.2,0.0,0.16669999999999963,0.09499999999999886,-0.6499999999999986,0.19500000000000028,-2.1999999999999886,-1.0999999999999943,-7.399999999999977
2013-12-01,591.8,0.4999999999999999,0.30430000000000046,-0.1999999999999993,-1.4500000000000028,0.7899999999999991,6.699999999999989,7.099999999999994,-5.7000000000000455
2014-01-01,574.4,2.2,0.7774999999999999,1.9499999999999993,-2.099999999999998,0.8900000000000006,-5.7999999999999545,-5.699999999999989,2.400000000000034
2014-02-01,581.3,-0.20000000000000018,0.7597999999999994,0.20000000000000107,-2.3500000000000014,3.875,10.699999999999989,10.699999999999989,1.6999999999999886
2014-03-01,575.0,-0.7999999999999998,0.07480000000000064,-0.9000000000000004,-1.75,0.46499999999999986,7.0,8.0,-5.100000000000023
2014-04-01,576.4,-0.8,0.07000000000000028,-0.40000000000000036,-1.3000000000000007,0.34999999999999787,8.199999999999989,8.699999999999989,-0.19999999999998863
2014-05-01,586.0,-0.40000000000000013,0.04139999999999944,0.6750000000000007,0.3000000000000007,-1.1149999999999984,-1.0,-1.099999999999966,-3.3999999999999773
2014-06-01,598.1,-0.09999999999999987,0.08280000000000065,0.5749999999999993,1.1000000000000014,-1.0899999999999999,-8.100000000000023,-8.700000000000017,-1.3000000000000114
2014-07-01,571.6,0.09999999999999987,0.03509999999999991,0.47499999999999964,1.3999999999999986,-0.6400000000000006,-22.0,-23.0,10.5
2014-08-01,544.9,-0.09999999999999987,0.15579999999999927,0.9749999999999996,1.4000000000000021,-0.5850000000000009,-4.099999999999966,-3.0999999999999943,-2.6000000000000227
2014-09-01,519.8,0.09999999999999987,0.10289999999999999,1.375,0.6999999999999993,-0.48999999999999844,1.099999999999966,3.1999999999999886,-11.199999999999989
2014-10-01,467.1,-0.19999999999999996,0.06099999999999994,0.125,0.0,0.6900000000000013,-36.99999999999997,-35.79999999999998,-5.300000000000011
2014-11-01,419.6,-0.09999999999999987,0.03369999999999962,-1.299999999999999,0.05000000000000071,0.47499999999999787,19.69999999999999,22.5,-6.0
2014-12-01,332.0,-0.10000000000000009,0.03550000000000075,-0.3000000000000007,2.1499999999999986,0.7950000000000017,-5.799999999999983,-2.200000000000017,-4.399999999999977
2015-01-01,260.8,0.10000000000000009,0.05289999999999928,0.5700000000000003,1.6999999999999993,-0.6700000000000017,-17.5,-14.699999999999989,-3.1000000000000227
2015-02-01,310.0,-0.20000000000000007,0.0835000000000008,-0.5250000000000004,2.1000000000000014,0.3500000000000014,-4.5,-6.300000000000011,-5.2999999999999545
2015-03-01,298.3,0.4,0.09309999999999974,-0.3099999999999987,3.099999999999998,0.3200000000000003,-4.0,-3.0999999999999943,-5.900000000000034
2015-04-01,316.9,-0.19999999999999996,0.08670000000000044,-0.13500000000000156,1.3500000000000014,-0.20500000000000185,-5.600000000000023,-6.400000000000006,1.900000000000034
2015-05-01,345.4,-0.10000000000000009,0.08300000000000018,-0.05999999999999872,1.0499999999999972,-0.375,-2.5,-3.6999999999999886,5.0
2015-06-01,332.2,0.0,0.0929000000000002,0.1349999999999998,1.2000000000000028,0.4200000000000017,3.1000000000000227,4.199999999999989,-7.600000000000023
2015-07-01,299.9,0.30000000000000004,0.10089999999999932,1.3899999999999988,-0.10000000000000142,0.005000000000002558,10.099999999999994,12.600000000000023,-12.800000000000011
2015-08-01,252.3,-0.10000000000000009,0.10079999999999956,0.9100000000000001,0.0,0.8299999999999983,-13.0,-11.400000000000006,-6.899999999999977
2015-09-01,252.4,0.0,0.12190000000000012,0.6900000000000013,0.10000000000000142,0.00999999999999801,-10.900000000000006,-11.599999999999994,2.5
2015-10-01,257.7,-0.09999999999999987,0.12439999999999962,0.0649999999999995,-0.3999999999999986,0.22500000000000142,1.0999999999999943,0.799999999999983,2.3999999999999773
2015-11-01,236.6,0.8999999999999999,0.13760000000000083,-0.6400000000000006,0.8500000000000014,1.9899999999999984,-8.599999999999994,-6.699999999999989,-17.0
2015-12-01,201.5,1.9,1.8005999999999993,-0.7400000000000002,1.5499999999999972,1.1849999999999987,-2.5999999999999943,-1.4000000000000057,-4.099999999999994
2016-01-01,166.7,0.19999999999999973,2.2270000000000003,-0.08000000000000007,-5.700000000000003,-0.19499999999999673,-4.200000000000017,-3.5,2.0999999999999943
2016-02-01,177.5,-1.3999999999999995,1.1598000000000006,0.7100000000000009,-3.599999999999998,-0.6700000000000017,1.1000000000000227,-0.9000000000000057,17.100000000000023
2016-03-01,209.3,0.2999999999999998,0.1468999999999987,0.5,-0.5,2.7399999999999984,3.8999999999999773,2.0999999999999943,10.800000000000011
2016-04-01,225.0,0.3999999999999999,-0.5519999999999996,-0.6699999999999999,-1.8999999999999986,0.620000000000001,9.900000000000006,9.600000000000023,0.0999999999999659
2016-05-01,252.0,0.8000000000000003,-0.27179999999999893,-0.25,-2.1999999999999993,0.4499999999999993,18.700000000000017,18.19999999999999,-0.19999999999998863
2016-06-01,258.5,-1.1,0.0030999999999998806,-0.23499999999999943,-2.1000000000000014,-1.3349999999999973,9.699999999999989,9.5,2.0
2016-07-01,241.0,-1.1,0.7685999999999993,0.8199999999999985,-1.0,-2.575000000000003,-14.800000000000011,-15.699999999999989,12.699999999999989
2016-08-01,247.9,-1.8,-0.05959999999999965,0.16999999999999993,-0.8000000000000007,-1.509999999999998,-7.899999999999977,-7.800000000000011,-1.3000000000000114
2016-09-01,246.0,0.9000000000000001,0.2508999999999997,0.045000000000001705,-0.8000000000000007,-1.7750000000000021,-2.4000000000000057,-2.0999999999999943,-3.099999999999966
2016-10-01,264.9,1.2999999999999998,0.08029999999999937,0.11999999999999922,0.20000000000000284,-0.8199999999999967,-0.09999999999999432,0.0,-5.5
2016-11-01,246.7,-0.7999999999999998,0.15890000000000093,0.22000000000000064,1.5499999999999972,-0.8850000000000016,1.5999999999999943,1.5,5.599999999999966
2016-12-01,289.1,-0.40000000000000013,0.48969999999999914,0.8099999999999987,0.75,-1.0549999999999997,1.9000000000000057,1.9000000000000057,-9.099999999999966
2017-01-01,294.0,0.10000000000000009,0.07690000000000019,0.245000000000001,7.0,-0.33500000000000085,3.299999999999983,2.5,8.199999999999989
2017-02-01,296.9,1.2,-0.30819999999999936,-0.4150000000000027,1.9000000000000021,-0.14499999999999957,-0.4000000000000057,-1.4000000000000057,10.899999999999977
2017-03-01,277.5,-0.10000000000000009,-0.07460000000000022,-0.36999999999999744,1.0,-0.16999999999999815,-4.899999999999977,-4.400000000000006,-0.8999999999999773
2017-04-01,282.9,0.20000000000000018,-0.1637000000000004,-0.14000000000000057,0.1999999999999993,-0.3200000000000003,-5.600000000000023,-5.800000000000011,2.5
2017-05-01,272.1,-1.3,0.33810000000000073,0.120000000000001,0.8999999999999986,0.254999999999999,2.4000000000000057,3.1000000000000227,-6.199999999999989
2017-06-01,251.0,-0.10000000000000009,0.4184999999999981,0.46000000000000085,1.750000000000007,0.25,-1.1999999999999886,-1.0,1.6999999999999886
2017-07-01,259.8,0.5,1.0524000000000022,1.2099999999999973,0.7499999999999929,0.16999999999999815,5.400000000000006,5.199999999999989,1.6000000000000227
2017-08-01,275.3,-0.30000000000000004,0.24749999999999872,0.5650000000000013,0.3999999999999986,0.485000000000003,-4.600000000000023,-6.199999999999989,15.199999999999989
2017-09-01,294.0,0.5,-0.16999999999999815,-0.33500000000000085,0.4000000000000057,0.514999999999997,2.5,1.5,6.699999999999989
2017-10-01,307.9,-0.3999999999999999,0.20629999999999882,0.030000000000001137,-0.10000000000000142,0.2700000000000031,1.5,1.5999999999999943,-4.0
2017-11-01,334.7,-0.10000000000000009,0.039699999999999847,0.08500000000000085,-1.0,1.384999999999998,0.20000000000001705,-0.20000000000001705,-0.30000000000001137
2017-12-01,343.6,1.7000000000000002,0.20759999999999934,0.004999999999999005,-2.3000000000000043,0.754999999999999,0.4000000000000057,0.20000000000001705,-0.5999999999999659
2018-01-01,368.9,-1.3,1.3289000000000009,1.5449999999999982,-0.6999999999999957,-0.00999999999999801,5.799999999999983,4.099999999999994,14.0
2018-02-01,349.8,0.5999999999999999,0.8119000000000014,0.5650000000000013,-1.1500000000000021,-0.14499999999999957,5.700000000000017,6.199999999999989,-1.6000000000000227
2018-03-01,355.2,-0.10000000000000009,0.3968999999999987,0.5750000000000028,-1.6499999999999986,0.045000000000001705,5.799999999999983,6.400000000000006,-5.800000000000011
2018-04-01,382.5,0.40000000000000036,-0.0029000000000003467,-0.11500000000000199,-0.05000000000000071,0.06999999999999673,2.700000000000017,1.5999999999999943,4.800000000000011
2018-05-01,409.1,-0.6000000000000001,3.4338000000000015,4.559999999999999,-1.3500000000000014,4.390000000000001,2.5999999999999943,2.200000000000017,-2.3000000000000114
2018-06-01,401.9,1.6,2.8654999999999973,3.0000000000000036,-3.849999999999998,1.1849999999999987,-11.900000000000006,-11.599999999999994,-4.899999999999977
2018-07-01,398.2,-0.6000000000000001,1.0905000000000022,0.49999999999999645,-0.6500000000000021,4.495000000000001,-7.900000000000006,-6.400000000000006,-15.199999999999989
2018-08-01,390.1,0.7999999999999998,2.4998000000000005,1.8000000000000007,-3.3999999999999986,0.8550000000000004,-2.299999999999983,-1.700000000000017,-5.5
2018-09-01,420.9,2.6,8.465500000000002,8.725000000000001,0.05000000000000071,5.149999999999999,-4.800000000000011,-5.599999999999994,-0.4000000000000341
2018-10-01,430.1,-1.0999999999999996,-1.4698000000000064,-1.4500000000000028,-2.4499999999999993,8.495000000000005,3.9000000000000057,3.4000000000000057,3.8000000000000114
2018-11-01,349.9,-2.2,-0.6611999999999938,-1.5249999999999986,-4.450000000000001,1.4599999999999937,-2.9000000000000057,-0.5999999999999943,-1.5
2018-12-01,301.8,-0.6000000000000001,1.4261999999999944,1.3999999999999986,0.15000000000000036,-1.9249999999999972,0.6999999999999886,2.299999999999983,1.8999999999999773
2019-01-01,317.5,0.2999999999999998,-0.4782999999999973,1.3500000000000014,1.5,-1.9450000000000003,2.9000000000000057,1.9000000000000057,4.7000000000000455
2019-02-01,342.8,0.8999999999999999,1.0016999999999996,-0.375,-1.700000000000001,-7.585000000000001,5.900000000000006,4.599999999999994,7.399999999999977
2019-03-01,354.1,0.9000000000000004,2.953800000000001,2.625,1.5,3.375,-6.400000000000006,-6.899999999999977,-0.5
2019-04-01,380.0,-1.3000000000000003,1.8714000000000013,2.75,2.5999999999999996,6.93,-3.9000000000000057,-4.5,-1.6000000000000227
2019-05-01,377.9,-0.2999999999999998,1.6993999999999971,2.049999999999997,2.6000000000000014,4.210000000000001,-0.29999999999998295,0.0,-3.0
2019-06-01,339.2,-0.3999999999999999,-1.1437999999999988,-0.7999999999999972,3.599999999999998,-0.6099999999999994,11.599999999999994,11.899999999999977,11.700000000000045
2019-07-01,342.2,-0.5,-1.2460000000000022,-1.2999999999999972,0.7000000000000028,-2.5799999999999983,-2.1999999999999886,-3.299999999999983,11.399999999999977
2019-08-01,316.3,1.7999999999999998,10.183700000000002,14.049999999999997,1.5,6.469999999999999,-9.800000000000011,-9.200000000000017,2.3999999999999773
2019-09-01,332.4,1.9000000000000004,3.7742999999999967,3.5,3.1499999999999986,3.75,1.1999999999999886,0.5,1.5
2019-10-01,318.0,-2.6000000000000005,2.0294000000000025,3.375,4.850000000000001,-3.3149999999999977,9.300000000000011,10.200000000000017,-3.8999999999999773
2019-11-01,335.2,1.0,1.2073000000000036,1.875,3.1000000000000014,-9.315000000000005,-2.8000000000000114,-3.0999999999999943,-3.5
2019-12-01,352.1,-0.5999999999999996,0.14509999999999934,4.25,3.799999999999997,-3.6199999999999974,2.4000000000000057,1.6999999999999886,2.8999999999999773
2020-01-01,341.5,-1.4000000000000004,0.12780000000000058,6.75,2.6000000000000014,-6.204999999999998,4.599999999999994,3.9000000000000057,13.0
2020-02-01,294.9,-0.2999999999999998,1.3373999999999953,0.375,13.100000000000001,-2.5799999999999983,-8.699999999999989,-7.0,-0.5
2020-03-01,178.2,1.2999999999999998,1.7743000000000038,5.375,3.5,-4.265000000000004,-12.0,-7.0,-3.7999999999999545
2020-04-01,127.3,-1.7999999999999998,2.6392999999999986,19.0,19.14999999999999,-7.385000000000002,-11.0,-8.800000000000011,6.599999999999966
2020-05-01,165.6,0.0,1.9634999999999962,22.5,16.05000000000001,3.1050000000000004,0.09999999999999432,-2.0999999999999943,6.400000000000034
2020-06-01,213.8,0.7000000000000002,1.8152000000000044,1.0,7.299999999999997,5.210000000000001,6.0,3.4000000000000057,10.0
2020-07-01,228.8,-0.30000000000000027,1.9342000000000041,4.0,2.200000000000003,-0.48999999999999844,6.099999999999994,4.400000000000006,20.399999999999977
2020-08-01,235.7,0.8000000000000003,1.8181000000000012,2.0,1.2999999999999972,1.4349999999999987,3.5,2.0,26.5
2020-09-01,219.3,0.09999999999999964,1.9055999999999926,5.0,-9.299999999999997,-0.14000000000000057,11.800000000000011,11.899999999999977,-5.0
2020-10-01,215.7,1.0,2.3706999999999994,34.0,-5.1000000000000085,0.7149999999999999,14.5,14.100000000000023,-2.1999999999999886
2020-11-01,229.8,-0.5999999999999996,2.363900000000001,-10.0,4.900000000000006,3.0,13.0,12.0,0.6999999999999886
2020-12-01,267.0,0.7999999999999998,2.7047000000000025,-10.0,-6.6000000000000085,0.5450000000000017,9.900000000000006,7.799999999999983,7.800000000000011
2021-01-01,290.9,0.0,3.332899999999995,7.0,-11.199999999999989,-0.03999999999999915,23.200000000000017,21.5,2.3999999999999773
2021-02-01,331.4,-0.3999999999999999,2.703800000000001,-8.0,-11.099999999999994,0.00999999999999801,7.699999999999989,6.5,-6.800000000000011
2021-03-01,350.1,1.1999999999999997,2.3918000000000035,-6.0,-2.200000000000017,-0.02499999999999858,2.8999999999999773,2.8000000000000114,-9.299999999999955
2021-04-01,345.9,-0.7000000000000002,1.7973999999999961,-1.0,-19.249999999999993,-0.11500000000000199,10.900000000000034,10.099999999999994,10.199999999999989
2021-05-01,362.9,-0.7999999999999998,1.2409999999999997,10.0,-13.950000000000003,0.2150000000000034,25.299999999999955,22.600000000000023,25.599999999999966
2021-06-01,390.4,-0.09999999999999964,1.1495000000000033,7.0,-0.6999999999999993,-0.010000000000005116,-8.0,-8.400000000000034,-2.5
2021-07-01,398.5,-0.20000000000000018,0.9834999999999923,20.0,0.6000000000000014,-0.10999999999999943,-13.899999999999977,-13.399999999999977,-3.7999999999999545
2021-08-01,373.8,-0.5,0.9760000000000133,1.5,2.6999999999999993,0.10000000000000142,-4.899999999999977,-3.5,-8.900000000000034
2021-09-01,398.3,1.0,1.0711999999999904,3.5,5.399999999999999,-0.10500000000000398,-13.800000000000011,-13.600000000000023,-5.0
2021-10-01,446.2,0.0,0.964100000000002,1.5,3.8000000000000043,0.005000000000002558,2.3999999999999773,1.0,1.0
2021-11-01,428.9,-1.0,1.061000000000007,14.0,3.1499999999999986,0.1700000000000017,10.300000000000011,10.800000000000011,-11.699999999999989
2021-12-01,395.1,1.2999999999999998,1.5783999999999878,-0.5,4.549999999999997,-0.13000000000000256,5.800000000000011,6.300000000000011,3.5
2022-01-01,455.8,0.10000000000000009,2.096100000000007,9.5,-25.2,3.0600000000000023,15.0,11.800000000000011,16.399999999999977
2022-02-01,513.0,0.8000000000000003,2.322500000000005,4.5,-26.5,0.25,20.19999999999999,17.0,14.900000000000034
2022-03-01,620.8,2.0,3.1513999999999953,-13.0,-0.39999999999999997,2.280000000000001,37.10000000000002,31.299999999999955,25.30000000000001
2022-04-01,565.8,-0.7000000000000002,3.8760000000000048,-2.0,1.0,3.469999999999999,4.0,6.300000000000011,-8.100000000000023
2022-05-01,602.7,-0.9000000000000004,4.4392,5.5,4.2,1.7650000000000006,0.8999999999999773,1.1000000000000227,-28.30000000000001
2022-06-01,641.7,0.20000000000000018,4.961999999999989,12.0,0.2999999999999998,1.3549999999999969,-6.899999999999977,-7.5,-11.099999999999966
2022-07-01,584.3,2.1000000000000005,5.709700000000012,74.5,3.8,4.270000000000003,-27.900000000000034,-23.69999999999999,-26.900000000000034
2022-08-01,526.5,-0.40000000000000036,6.8448999999999955,1.5,-1.0,12.424999999999997,3.0,5.0,3.6000000000000227
2022-09-01,482.7,-0.7999999999999998,8.334900000000005,-7.5,-0.09999999999999964,4.704999999999998,-9.599999999999966,-6.400000000000034,-19.900000000000034
2022-10-01,496.6,0.09999999999999964,8.96769999999998,5.0,2.4000000000000004,2.0500000000000114,-3.900000000000034,-4.399999999999977,-3.599999999999966
2022-11-01,487.3,-1.3999999999999995,9.525400000000019,16.0,-1.700000000000001,0.14999999999999147,3.0,2.599999999999966,13.800000000000011
2022-12-01,432.6,0.1999999999999993,10.784899999999993,17.0,5.100000000000001,0.09499999999999886,-9.0,-7.0,15.0
2023-01-01,444.8,0.9000000000000004,9.340900000000005,46.5,25.599999999999998,0.3149999999999977,6.5,4.800000000000011,19.599999999999966
2023-02-01,441.6,0.5999999999999996,9.648300000000006,8.5,46.85,-0.029999999999986926,-1.8000000000000114,-1.099999999999966,-9.300000000000011
2023-03-01,419.5,1.1000000000000005,11.213099999999997,1.0,15.75,0.7049999999999841,-12.199999999999989,-11.300000000000011,6.600000000000023
2023-04-01,447.8,0.7000000000000002,13.450400000000002,29.0,-2.049999999999997,2.490000000000009,-2.6999999999999886,-5.100000000000023,12.0
2023-05-01,393.2,-0.6000000000000005,14.634899999999988,71.0,5.450000000000003,16.069999999999993,-19.30000000000001,-15.799999999999983,-7.300000000000011
2023-06-01,387.5,-1.7999999999999998,17.570899999999995,13.0,3.299999999999997,3.115000000000009,6.100000000000023,7.099999999999994,-7.599999999999966
2023-07-01,413.7,0.2999999999999998,17.703000000000003,28.0,-9.200000000000003,0.20000000000000284,10.300000000000011,8.699999999999989,0.19999999999998863
2023-08-01,446.8,6.1000000000000005,55.669399999999996,80.0,10.799999999999997,19.379999999999995,-9.800000000000011,-12.0,-5.800000000000011
2023-09-01,485.9,0.29999999999999893,27.8639,135.0,12.900000000000006,1.0699999999999932,-6.900000000000034,-9.899999999999977,2.6999999999999886
2023-10-01,473.1,-4.399999999999999,0.02240000000000464,155.0,17.499999999999986,13.965000000000003,-6.099999999999966,-5.5,0.4000000000000341
2023-11-01,431.4,4.5,3.819999999999993,57.5,17.900000000000006,1.595000000000013,2.099999999999966,4.399999999999977,10.899999999999977
2023-12-01,405.4,12.7,288.1543,47.5,-13.699999999999989,-0.6200000000000045,-7.599999999999966,-6.599999999999994,9.5
2024-01-01,416.1,-4.899999999999999,176.35080000000005,220.0,65.9,-20.14500000000001,-12.300000000000011,-14.099999999999994,-0.19999999999998863
2024-02-01,433.4,-7.400000000000002,16.568499999999972,-125.0,-3.3000000000000114,0.025000000000005684,-5.5,-7.0,-3.400000000000034
2024-03-01,443.2,-2.1999999999999993,15.423700000000053,-70.0,-31.400000000000006,-36.69,0.0,-2.1999999999999886,20.0
2024-04-01,467.6,-2.1999999999999993,18.620599999999968,0.0,3.5999999999999943,-10.910000000000004,2.1999999999999886,-1.700000000000017,35.900000000000034
2024-05-01,424.8,-4.6000000000000005,17.90530000000001,82.5,-12.399999999999977,-29.285,6.900000000000034,10.400000000000006,5.599999999999966
2024-06-01,428.1,0.39999999999999947,16.91579999999999,180.0,11.049999999999983,0.9349999999999987,-3.1000000000000227,-3.0999999999999943,-7.199999999999989
2024-07-01,442.8,-0.5999999999999996,19.98580000000004,155.0,18.849999999999994,3.269999999999996,-5.699999999999989,-7.5,3.6999999999999886
2024-08-01,418.8,0.20000000000000018,19.155199999999923,-82.5,-17.69999999999999,1.9100000000000037,-13.100000000000023,-12.099999999999994,9.200000000000045
2024-09-01,385.2,-0.7000000000000002,18.904999999999973,-102.5,-19.600000000000023,0.6700000000000017,1.1000000000000227,3.299999999999983,17.299999999999955
2024-10-01,393.9,-0.7999999999999998,19.742800000000102,-37.5,-33.39999999999998,0.7899999999999991,6.300000000000011,4.599999999999994,25.100000000000023
